,Date,Year,Month,ID,NPL.Ratio,GDP.Constant,GDP.Current,Gross.Capital.Formation,Government.Expenditure,Household.Consumption,Unemployment,LaborForce.ParRate,CPI.All.Item,CPI.Housing,CPI.Furnishing,CPI.Transport,CPI.Goods,Inf.All.Item,Inf.Transport,Inf.Housing,Inf.Furnishing,Inf.Goods,PPI.2018,PHP.USD.rate,Brent.Crude.Oil.Spot,CCI,BCI,RPI.Goods,RPI.Machinery,WPI.Goods,WPI.Machinery,Bank.Ave.Lend.Rate,Interest.Rate,WTI.Crude.Oil.Spot
1,1/31/2014,2014,Jan,2014 Jan,0.048330826,3475482,3258227,728101.6667,327417.3333,2654844.333,0.0754,0.6376,89.68456948,94.66546112,90.36144578,96.47283127,91.49689991,0.037,0.017,0.034,0.026,0.02,113.3,45.155,108.12,-18.79626759,37.8223223,102.3,100.7,101.9,101.4,0.0565,0.035,94.62
2,2/28/2014,2014,Feb,2014 Feb,0.049657532,3391809,3147071,695485.3333,359452.6667,2547998.667,0.0737,0.639120459,89.76982097,94.75587703,90.70567986,96.47283127,91.49689991,0.036,0.011,0.038,0.027,0.018,114,44.656,108.9,-18.29971397,40.92067995,102.6,101,101.7,101.7,0.0519,0.035,100.82
3,3/31/2014,2014,Mar,2014 Mar,0.052207603,3308136,3035915,662869,391488,2441153,0.072,0.639716139,89.68456948,94.03254973,90.79173838,96.47283127,91.49689991,0.035,0.013,0.031,0.028,0.015,114.2,44.996,107.48,-17.80316035,42.41997791,102.8,101,101.9,102.2,0.05667,0.035,100.8
4,4/30/2014,2014,Apr,2014 Apr,0.050988037,3412676,3122851.333,681755.6667,415875.6667,2471043.667,0.0703,0.6521,89.94032396,94.93670886,90.96385542,96.2821735,91.58547387,0.036,0.018,0.037,0.026,0.012,113.8,44.463,107.76,-17.30660673,50.72985864,102.9,101.1,102.1,102.2,0.05441,0.035,102.07
5,5/31/2014,2014,May,2014 May,0.050982325,3517216,3209787.667,700642.3333,440263.3333,2500934.333,0.069333333,0.640298697,90.28132992,95.38878843,91.13597246,96.37750238,91.67404783,0.04,0.024,0.04,0.026,0.012,112.6,43.927,109.54,-20.29557061,42.92324013,103.1,101.1,102.3,102.2,0.05605,0.035,102.18
6,6/30/2014,2014,Jun,2014 Jun,0.05049797,3621756,3296724,719529,464651,2530825,0.068366667,0.640284902,90.62233589,94.57504521,91.39414802,96.66348904,91.67404783,0.038,0.019,0.026,0.027,0.011,111.9,43.78,111.8,-23.28453449,41.9272044,103.8,101.1,102.4,102.5,0.05391,0.035,105.79
7,7/31/2014,2014,Jul,2014 Jul,0.051313121,3537021.667,3255954.667,714770.6667,429047.3333,2513729.667,0.0674,0.644,91.13384484,94.30379747,91.56626506,97.33079123,91.76262179,0.042,0.019,0.027,0.027,0.011,111.5,43.421,106.77,-26.27349837,34.44490827,104.1,101.2,102.3,102.7,0.05631,0.0375,103.59
8,8/31/2014,2014,Aug,2014 Aug,0.051662069,3452287.333,3215185.333,710012.3333,393443.6667,2496634.333,0.064966667,0.640056854,91.30434783,94.30379747,91.91049914,96.37750238,91.85119575,0.042,0.007,0.029,0.03,0.011,112.9,43.648,101.61,-24.78861629,42.31163795,104.5,101.2,102.6,103.6,0.05604,0.0375,96.54
9,9/30/2014,2014,Sep,2014 Sep,0.052382197,3367553,3174416,705254,357840,2479539,0.062533333,0.6398425,91.47485081,94.30379747,91.99655766,96.09151573,92.02834367,0.039,0,0.025,0.029,0.013,113.7,44.966,97.09,-23.30373421,43.69210723,104.6,100.7,103.1,103.8,0.05386,0.04,93.21
10,10/31/2014,2014,Oct,2014 Oct,0.051930965,3511235.667,3349535,752101.3333,348347,2624674,0.0601,0.643,91.38959932,94.21338156,92.1686747,95.42421354,92.20549159,0.037,0,0.028,0.03,0.013,112.5,44.876,87.43,-21.81885213,48.31931097,104.4,100.7,103.4,104.1,0.05697,0.04,84.4
11,11/30/2014,2014,Nov,2014 Nov,0.051861826,3654918.333,3524654,798948.6667,338854,2769809,0.061966667,0.639231402,91.21909633,93.76130199,92.25473322,94.18493804,92.3826395,0.03,-0.013,0.009,0.03,0.014,111.1,44.916,79.44,-17.89442074,45.2634727,104.4,100.9,103.5,104.2,0.05368,0.04,75.79
12,12/31/2014,2014,Dec,2014 Dec,0.050244079,3798601,3699773,845796,329361,2914944,0.063833333,0.63883482,90.96334186,93.1283906,92.25473322,91.80171592,92.55978742,0.019,-0.046,-0.012,0.028,0.014,112.5,44.617,62.34,-13.96998936,45.45436891,104.3,100.8,103.5,104.2,0.0569,0.04,59.29
13,1/31/2015,2015,Jan,2015 Jan,0.053218173,3692999.333,3534607.667,802089,350559.6667,2807056,0.0657,0.637,91.04859335,92.94755877,92.5989673,89.4184938,92.55978742,0.015,-0.073,-0.018,0.025,0.012,109.4,44.132,47.76,-10.04555798,45.20104522,104.5,100.8,103.4,104.5,0.05545,0.04,47.22
14,2/28/2015,2015,Feb,2015 Feb,0.05462316,3587397.667,3369442.333,758382,371758.3333,2699168,0.065166667,0.63810522,91.13384484,93.67088608,92.68502582,89.89513823,92.64836138,0.015,-0.068,-0.011,0.022,0.013,107.8,44.087,58.1,-12.10938076,45.99891932,104.7,100.7,103.5,104.5,0.05098,0.04,50.58
15,3/31/2015,2015,Mar,2015 Mar,0.057362255,3481796,3204277,714675,392957,2591280,0.064633333,0.637772437,91.04859335,94.03254973,92.77108434,90.84842707,92.73693534,0.015,-0.058,0,0.022,0.014,108,44.796,55.89,-14.17320354,46.35257352,104.3,100.6,103.6,105,0.05642,0.04,47.82
16,4/30/2015,2015,Apr,2015 Apr,0.055937181,3605698.667,3300818,751834.3333,420747,2626164.333,0.0641,0.646,91.21909633,94.48462929,93.0292599,90.84842707,92.8255093,0.014,-0.056,-0.005,0.023,0.014,104.7,44.25,59.52,-16.23702633,49.24126254,104.2,100.7,103.7,105.1,0.05474,0.04,54.45
17,5/31/2015,2015,May,2015 May,0.055821177,3729601.333,3397359,788993.6667,448537,2661048.667,0.0644,0.636662311,91.13384484,94.12296564,93.0292599,91.61105815,92.91408326,0.009,-0.049,-0.013,0.021,0.014,104.6,44.65,64.08,-14.6838632,46.13106895,104.1,100.7,103.7,105.2,0.05665,0.04,59.27
18,6/30/2015,2015,Jun,2015 Jun,0.055359978,3853504,3493900,826153,476327,2695933,0.0647,0.635885466,91.13384484,93.39963834,93.20137694,91.99237369,93.00265722,0.006,-0.048,-0.012,0.02,0.014,104.9,45.2,61.48,-13.13070006,45.55591017,104.2,100.7,104,105.1,0.05414,0.04,59.82
19,7/31/2015,2015,Jul,2015 Jul,0.055654786,3765465.333,3439461,818374.6667,455701.3333,2676044,0.065,0.629,91.30434783,93.30922242,93.20137694,91.3250715,93.09123118,0.002,-0.062,-0.011,0.018,0.014,103.9,45.618,56.56,-11.57753693,41.38404338,104.2,100.7,104.1,104.6,0.0556,0.04,50.9
20,8/31/2015,2015,Aug,2015 Aug,0.055609301,3677426.667,3385022,810596.3333,435075.6667,2656155,0.062066667,0.634637138,91.30434783,93.1283906,93.28743546,90.18112488,93.09123118,0,-0.064,-0.012,0.015,0.014,103.9,46.705,46.52,-10.42218642,45.72339269,104.2,100.7,104.3,104.7,0.05557,0.04,42.87
21,9/30/2015,2015,Sep,2015 Sep,0.055265106,3589388,3330583,802818,414450,2636266,0.059133333,0.634166244,91.13384484,92.31464738,93.37349398,90.085796,93.09123118,-0.004,-0.063,-0.021,0.015,0.012,104.4,46.926,47.62,-9.266835912,46.46603401,104,100.7,104.3,104.7,0.05763,0.04,45.48
22,10/31/2015,2015,Oct,2015 Oct,0.055546437,3748331.667,3525521.333,862915.3333,403542.6667,2794529.333,0.0562,0.633,91.21909633,92.31464738,93.37349398,90.37178265,93.35695306,-0.002,-0.053,-0.02,0.013,0.012,103.9,46.89,48.43,-8.111485402,51.28764015,103.8,100.7,104.3,104.7,0.05854,0.04,46.22
23,11/30/2015,2015,Nov,2015 Nov,0.055520124,3907275.333,3720459.667,923012.6667,392635.3333,2952792.667,0.056433333,0.633256334,91.47485081,92.40506329,93.54561102,90.18112488,93.62267493,0.003,-0.043,-0.014,0.014,0.013,104.2,47.069,44.27,-7.291762365,46.45682215,103.9,100.7,104.3,104.7,0.05638,0.04,42.44
24,12/31/2015,2015,Dec,2015 Dec,0.055182923,4066219,3915398,983110,381728,3111056,0.056666667,0.632817655,91.64535379,92.85714286,93.71772806,90.6577693,93.44552702,0.007,-0.012,-0.003,0.016,0.01,104,47.166,38.01,-6.472039328,45.70496899,104.9,100.7,104.3,104.7,0.05729,0.04,37.19
25,1/31/2016,2016,Jan,2016 Jan,0.055435374,3951708.667,3756148.667,942661.3333,402227.3333,3000028,0.0569,0.6355,91.73060529,92.76672694,93.97590361,89.13250715,93.44552702,0.007,-0.003,-0.002,0.015,0.01,101.2,47.823,30.7,-5.65231629,41.86330756,104.6,100.7,104.2,104.7,0.05791,0.04,31.68
26,2/29/2016,2016,Feb,2016 Feb,0.055355445,3837198.333,3596899.333,902212.6667,422726.6667,2889000,0.058133333,0.631779345,91.5601023,92.94755877,94.06196213,87.51191611,93.44552702,0.005,-0.027,-0.008,0.015,0.009,101.5,47.56,32.18,-5.914605154,45.33333944,104.6,100.7,104.1,104.9,0.05372,0.04,30.32
27,3/31/2016,2016,Mar,2016 Mar,0.057,3722688,3437650,861764,443226,2777972,0.059366667,0.631180141,91.5601023,92.85714286,94.14802065,88.46520496,94.24269265,0.006,-0.026,-0.013,0.015,0.016,100.4,46.108,38.21,-6.176894018,45.71356306,105,100.7,104.1,104.9,0.05728,0.04,37.55
28,4/30/2016,2016,Apr,2016 Apr,0.053080021,3861854,3555481.667,919407.6667,477176,2818037.667,0.0606,0.635,91.81585678,93.58047016,94.32013769,88.8465205,94.33126661,0.007,-0.022,-0.01,0.014,0.016,100.8,46.773,41.58,-6.439182881,48.69629624,105.4,100.8,104.4,104.9,0.05553,0.04,40.75
29,5/31/2016,2016,May,2016 May,0.050906635,4001020,3673313.333,977051.3333,511126,2858103.333,0.058366667,0.62975694,91.98635976,93.39963834,94.49225473,89.79980934,94.41984057,0.009,-0.02,-0.008,0.016,0.016,101,46.775,46.74,-3.451225968,45.52047519,105.5,100.8,104.4,104.9,0.05725,0.04,46.71
30,6/30/2016,2016,Jun,2016 Jun,0.049,4140186,3791145,1034695,545076,2898169,0.056133333,0.628933648,92.32736573,93.58047016,94.66437177,89.99046711,94.50841453,0.013,-0.022,0.002,0.016,0.016,101,46.96,48.25,-0.463269054,44.9471637,105.6,100.2,104.4,104.9,0.05595,0.03,48.76
31,7/31/2016,2016,Jul,2016 Jul,0.046111281,4044285,3742423,1012534.333,507035,2874825,0.0539,0.6324,92.49786871,94.03254973,94.92254733,89.60915157,94.59698849,0.013,-0.019,0.008,0.018,0.016,99.8,47.085,44.95,2.52468786,45.36920548,105.7,100.2,104.5,104.9,0.0568,0.03,44.65
32,8/31/2016,2016,Aug,2016 Aug,0.04357004,3948384,3693701,990373.6667,468994,2851481,0.051466667,0.627072498,92.49786871,94.03254973,95.26678141,88.94184938,94.59698849,0.013,-0.014,0.01,0.021,0.016,99.5,46.467,45.84,4.735907529,43.43585262,105.7,100.2,104.5,104.9,0.05845,0.03,44.72
33,9/30/2016,2016,Sep,2016 Sep,0.039,3852483,3644979,968213,430953,2828137,0.049033333,0.626035668,92.6683717,93.76130199,95.43889845,89.32316492,94.68556244,0.017,-0.008,0.016,0.022,0.017,99.4,48.257,46.57,6.947127198,42.49785303,106.1,100.2,104.6,105.1,0.05529,0.03,45.18
34,10/31/2016,2016,Oct,2016 Oct,0.040728903,4017428.333,3849522,1030043,421339.3333,2991819,0.0466,0.6361,92.83887468,93.67088608,95.61101549,89.70448046,94.68556244,0.018,-0.007,0.015,0.024,0.014,98.9,48.515,49.52,9.158346866,39.77279647,106.1,100.2,104.7,105.2,0.05634,0.03,49.78
35,11/30/2016,2016,Nov,2016 Nov,0.040461809,4182373.667,4054065,1091873,411725.6667,3155501,0.052933333,0.623405745,93.35038363,94.30379747,95.69707401,90.085796,94.86271036,0.021,-0.001,0.021,0.023,0.013,99.2,49.777,44.73,9.000493736,41.27661478,106.3,100.2,104.7,105.3,0.05581,0.03,45.66
36,12/31/2016,2016,Dec,2016 Dec,0.040317999,4347319,4258608,1153703,402112,3319183,0.059266667,0.621814248,93.6913896,94.57504521,95.86919105,92.18303146,95.03985828,0.022,0.017,0.019,0.023,0.017,99.6,49.813,53.31,8.842640606,40.99337611,106.6,100.2,104.9,105.4,0.05671,0.03,51.97
37,1/31/2017,2017,Jan,2017 Jan,0.040145996,4218205,4087583,1104838.667,412667,3193952,0.0656,0.6066,94.03239557,94.66546112,96.04130809,92.37368923,95.12843224,0.025,0.036,0.02,0.022,0.018,100.1,49.814,54.58,8.684787476,39.40118083,106.8,100.2,105,105.3,0.05639,0.03,52.5
38,2/28/2017,2017,Feb,2017 Feb,0.040074314,4089091,3916558,1055974.333,423222,3068721,0.0628,0.61934211,94.37340153,95.75045208,96.21342513,92.75500477,95.2170062,0.031,0.06,0.03,0.023,0.019,100.3,50.267,54.87,10.1599023,40.90648821,107.1,100.3,105.1,105.4,0.05208,0.03,53.47
39,3/31/2017,2017,Mar,2017 Mar,0.040317999,3959977,3745533,1007110,433777,2943490,0.06,0.618462971,94.37340153,96.29294756,96.55765921,93.42230696,95.30558016,0.031,0.056,0.037,0.026,0.011,100,50.194,51.59,11.63501712,41.10283897,107.2,100.4,105.2,105.5,0.05772,0.03,49.33
40,4/30/2017,2017,Apr,2017 Apr,0.039833198,4119095,3881673.333,1048940.667,483736,2986798,0.0572,0.6137,94.7144075,96.74502712,96.72977625,93.89895138,95.30558016,0.032,0.057,0.034,0.026,0.01,99.1,49.699,52.31,13.11013194,43.02752344,107.7,100.5,105.2,105.5,0.05473,0.03,51.06
41,5/31/2017,2017,May,2017 May,0.03964883,4278213,4017813.667,1090771.333,533695,3030106,0.056733333,0.61692531,94.62915601,96.5641953,96.72977625,93.61296473,95.48272808,0.029,0.042,0.034,0.024,0.011,99.1,49.867,50.33,12.13301907,40.86229523,107.7,100.4,105.2,105.6,0.05783,0.03,48.48
42,6/30/2017,2017,Jun,2017 Jun,0.039930522,4437331,4153954,1132602,583654,3073414,0.056266667,0.616267643,94.62915601,95.29837251,96.81583477,93.23164919,95.74844996,0.025,0.036,0.018,0.023,0.013,99,50.466,46.37,11.1559062,40.42540072,107.8,100.4,104.9,105.6,0.05609,0.03,45.18
43,7/31/2017,2017,Jul,2017 Jul,0.038971415,4339099.333,4108610,1110596.667,544049.6667,3043424.333,0.0558,0.6064,94.7144075,95.2079566,97.16006885,93.04099142,95.92559787,0.024,0.038,0.013,0.024,0.014,99,50.582,48.48,10.17879333,37.94531872,107.8,100.4,105.2,105.5,0.05673,0.03,46.63
44,8/31/2017,2017,Aug,2017 Aug,0.038482169,4240867.667,4063266,1088591.333,504445.3333,3013434.667,0.053866667,0.615447647,94.88491049,95.47920434,97.24612737,93.89895138,96.10274579,0.026,0.056,0.015,0.021,0.016,99.1,51.166,51.7,9.946222075,40.30021646,108.1,100.5,105.4,105.5,0.05687,0.03,48.04
45,9/30/2017,2017,Sep,2017 Sep,0.037643289,4142636,4017922,1066586,464841,2983445,0.051933333,0.615285689,95.48167093,96.74502712,97.41824441,94.66158246,96.45704163,0.03,0.06,0.032,0.021,0.019,98.9,51.073,56.15,9.713650816,40.6119267,107.8,100.4,105.4,105.6,0.05609,0.03,49.82
46,10/31/2017,2017,Oct,2017 Oct,0.038028713,4307101.667,4225028.667,1127733.667,462429.6667,3164789.667,0.05,0.6214,95.7374254,96.92585895,97.50430293,94.75691134,96.45704163,0.031,0.056,0.035,0.02,0.019,99.4,51.799,57.51,9.481079557,43.33453915,107.9,100.4,105.4,105.6,0.0573,0.03,51.58
47,11/30/2017,2017,Nov,2017 Nov,0.038069241,4471567.333,4432135.333,1188881.333,460018.3333,3346134.333,0.050866667,0.614669486,96.16368286,97.37793852,97.59036145,95.23355577,96.72276351,0.03,0.057,0.033,0.02,0.02,98.7,50.365,62.71,6.900448384,40.35201521,108.1,100.4,105.5,105.9,0.05566,0.03,56.64
48,12/31/2017,2017,Dec,2017 Dec,0.038181056,4636033,4639242,1250029,457607,3527479,0.051733333,0.614215503,96.41943734,97.19710669,97.84853701,95.90085796,97.07705934,0.029,0.04,0.028,0.021,0.021,98.5,49.923,64.37,4.319817212,39.78039348,108.2,100.4,105.6,105.9,0.05778,0.03,57.88
49,1/31/2018,2018,Jan,2018 Jan,0.038270809,4495880.667,4459874,1180890.667,469815.6667,3389919.667,0.0526,0.6217,97.2,96.9,98.5,96.8,97.2,0.034,0.048,0.024,0.026,0.022,97.79849509,51.421,69.08,1.739186039,39.48412149,108.3,100.7,107.1,106,0.05726,0.03,63.7
50,2/28/2018,2018,Feb,2018 Feb,0.03842648,4355728.333,4280506,1111752.333,482024.3333,3252360.333,0.053266667,0.612932403,97.9,98.1,98.7,98.2,97.9,0.037,0.059,0.025,0.026,0.028,98.19921233,52.034,65.32,2.431792253,38.53626446,108.2,100.6,108,106.1,0.05353,0.03,62.23
51,3/31/2018,2018,Mar,2018 Mar,0.038347517,4215576,4101138,1042614,494233,3114801,0.053933333,0.612104072,98.4,99,99.2,98.1,99.1,0.043,0.05,0.028,0.027,0.04,98.49431236,52.207,66.02,3.124398467,37.86375717,108.3,100.8,108.2,106.2,0.05842,0.03,62.73
52,4/30/2018,2018,Apr,2018 Apr,0.039119558,4383845.333,4257022.667,1130145.333,547984.6667,3164491.667,0.0546,0.6091,98.8,99.5,99.4,99.1,99.3,0.043,0.055,0.028,0.028,0.042,99.17296104,51.965,72.11,3.817004682,39.33402175,108.4,100.9,108.4,106.2,0.05749,0.03,66.25
53,5/31/2018,2018,May,2018 May,0.039644765,4552114.667,4412907.333,1217676.667,601736.3333,3214182.333,0.054466667,0.610591562,99,99.4,99.5,100,99.7,0.046,0.068,0.029,0.029,0.044,99.69503542,52.689,76.98,0.174868093,35.73365107,109.2,101.4,108.4,106.2,0.06025,0.0325,69.98
54,6/30/2018,2018,Jun,2018 Jun,0.04099048,4720384,4568792,1305208,655488,3263873,0.054333333,0.609908381,99.4,99.6,99.7,100.6,99.9,0.05,0.079,0.045,0.03,0.043,100.1496948,53.522,74.41,-3.467268496,34.27605225,109.4,101.4,108.5,106.2,0.05901,0.035,67.87
55,7/31/2018,2018,Jul,2018 Jul,0.039977992,4612669.667,4529265.667,1285555.333,614244.3333,3225488,0.0542,0.6006,100.2,100.5,100.2,100.5,100.3,0.058,0.08,0.056,0.031,0.046,100.6503379,53.263,74.25,-7.109405085,30.1317465,109.6,101.6,108.5,106.2,0.06199,0.035,70.98
56,8/31/2018,2018,Aug,2018 Aug,0.03978806,4504955.333,4489739.333,1265902.667,573000.6667,3187103,0.053,0.609018901,101.1,100.9,100.5,101,100.7,0.066,0.076,0.057,0.033,0.048,101.0248128,53.434,72.53,-12.24746584,32.34523885,109.7,101.6,108.6,106.4,0.06212,0.04,68.06
57,9/30/2018,2018,Sep,2018 Sep,0.039792667,4397241,4450213,1246250,531757,3148718,0.0518,0.608813199,102.1,101.4,100.7,102,101,0.069,0.078,0.048,0.034,0.047,101.5452853,54.251,78.89,-17.38552659,31.87202427,109.7,101.6,108.1,106.7,0.06149,0.045,70.23
58,10/31/2018,2018,Oct,2018 Oct,0.039363614,4575490,4681824.667,1285844.667,527224.3333,3340042.667,0.0506,0.6055,102.3,101.7,101,102.9,101.2,0.069,0.086,0.049,0.036,0.049,101.4990617,53.606,81.03,-22.52358734,27.17589687,109.8,101.6,108.2,106.7,0.06602,0.045,70.75
59,11/30/2018,2018,Nov,2018 Nov,0.039157231,4753739,4913436.333,1325439.333,522691.6667,3531367.333,0.051366667,0.608599682,102,101.6,101.3,102.3,101.8,0.061,0.074,0.043,0.038,0.052,100.934829,52.608,64.75,-15.18615161,32.47283077,110.1,101.6,108.4,106.7,0.0664,0.0475,56.96
60,12/31/2018,2018,Dec,2018 Dec,0.038718259,4931988,5145048,1365034,518159,3722692,0.052133333,0.60859203,101.4,101.3,101.5,98.5,102,0.052,0.027,0.042,0.037,0.051,100.3904465,52.724,57.36,-7.848715884,33.54685186,109.9,101.7,106,107.5,0.07024,0.0475,49.52
61,1/31/2019,2019,Jan,2019 Jan,0.039286281,4775720.667,4905391,1286936.333,519977.6667,3584710.667,0.0529,0.6024,101.5,101.2,101.7,98.1,102.4,0.044,0.013,0.044,0.032,0.053,99.64045575,52.352,59.41,-0.511280155,35.24469066,110.3,101.7,106,108.2,0.07267,0.0475,51.38
62,2/28/2019,2019,Feb,2019 Feb,0.039645852,4619453.333,4665734,1208838.667,521796.3333,3446729.333,0.052433333,0.608931725,101.6,102.1,101.9,99.1,102.6,0.038,0.009,0.041,0.032,0.048,99.15797861,52.006,63.96,-0.790209789,35.46633307,110.3,101.7,106.2,108.3,0.0668,0.0475,54.95
63,3/31/2019,2019,Mar,2019 Mar,0.039427371,4463186,4426077,1130741,523615,3308748,0.051966667,0.609278892,101.7,102.6,102.2,101,102.8,0.034,0.03,0.036,0.03,0.037,99.68298243,52.782,66.14,-1.069139424,36.31179319,110.4,101.8,107.1,108.4,0.07424,0.0475,58.15
64,4/30/2019,2019,Apr,2019 Apr,0.041353821,4637432,4572709,1186283,581413.6667,3354401.333,0.0515,0.6134,102,103,102.3,102.5,103,0.032,0.034,0.035,0.029,0.037,98.0967321,52.106,71.23,-1.348069059,40.4999336,110.5,102,107.2,108.5,0.07196,0.0475,63.86
65,5/31/2019,2019,May,2019 May,0.042699388,4811678,4719341,1241825,639212.3333,3400054.667,0.0524,0.609819804,102.2,103.1,102.5,103,103.2,0.032,0.03,0.037,0.03,0.035,97.55361898,52.257,71.32,0.63287682,36.77798672,110.6,102,107.6,109.2,0.07476,0.045,60.83
66,6/30/2019,2019,Jun,2019 Jun,0.045169376,4985924,4865973,1297367,697011,3445708,0.0533,0.61001328,102.1,102.7,102.7,101.3,103.4,0.027,0.007,0.031,0.03,0.035,97.41192687,51.358,64.22,2.613822698,36.39872012,110.5,101.8,109.8,109.4,0.07212,0.045,54.66
67,7/31/2019,2019,Jul,2019 Jul,0.044686591,4882464,4819279.333,1277564.333,656580.3333,3409552.333,0.0542,0.6206,102.4,102.9,103.1,101.5,103.7,0.022,0.01,0.024,0.029,0.034,96.64276053,51.013,63.92,4.594768576,37.31386689,110.6,102,109.5,109.4,0.07382,0.045,57.35
68,8/31/2019,2019,Aug,2019 Aug,0.04533465,4779004,4772585.667,1257761.667,616149.6667,3373396.667,0.051433333,0.609908913,102.5,102.4,103.3,101.3,104,0.014,0.003,0.015,0.028,0.033,97.13499744,52.339,59.04,3.498523722,35.16592601,110.6,102.1,109.6,109.6,0.07108,0.0425,54.81
69,9/30/2019,2019,Sep,2019 Sep,0.046386194,4675544,4725892,1237959,575719,3337241,0.048666667,0.609611321,102.6,101.7,103.6,101.5,104,0.005,-0.005,0.003,0.029,0.03,97.29094168,52.042,62.83,2.402278869,34.3123985,111.2,102.1,110.3,109.6,0.06991,0.04,56.95
70,10/31/2019,2019,Oct,2019 Oct,0.046734058,4869728,4983901.333,1314066.667,584986.6667,3536747,0.0459,0.6141,102.9,102.1,103.7,101.6,104.1,0.006,-0.013,0.004,0.027,0.029,96.6104274,51.033,59.71,1.306034015,40.23036502,111.3,102.1,110.5,109.6,0.07105,0.04,53.96
71,11/30/2019,2019,Nov,2019 Nov,0.047527376,5063912,5241910.667,1390174.333,594254.3333,3736253,0.048333333,0.608812411,103.2,102.7,104,101.2,104.4,0.012,-0.011,0.011,0.027,0.026,96.25905264,50.798,63.21,1.291585104,30.12433154,111.2,102.2,110.6,109.7,0.06767,0.04,57.03
72,12/31/2019,2019,Dec,2019 Dec,0.047423334,5258096,5499920,1466282,603522,3935759,0.050766667,0.608311904,103.8,103.1,104.2,101.7,104.6,0.024,0.032,0.018,0.027,0.025,96.28860711,50.744,67.31,1.277136193,26.78979209,111.4,102.2,110.9,109.8,0.06542,0.04,59.88
73,1/31/2020,2020,Jan,2020 Jan,0.050727308,4983332.333,5149660.333,1308166,589034.6667,3728710,0.0532,0.6169,104.5,103.8,104.7,102.1,104.8,0.03,0.041,0.026,0.029,0.023,96.130941,50.904,63.65,1.262687281,22.34537604,111.5,102.2,110.9,109.8,0.070820116,0.04,57.52
74,2/29/2020,2020,Feb,2020 Feb,0.053154277,4708568.667,4799400.667,1150050,574547.3333,3521661,0.094133333,0.606892277,104.1,103.7,105.2,100.6,104.9,0.025,0.015,0.016,0.032,0.022,96.22228207,50.937,55.66,-8.030027551,20.52736158,111.9,102.2,110.7,109.8,0.071597063,0.0375,50.54
75,3/31/2020,2020,Mar,2020 Mar,0.055759909,4433805,4449141,991934,560060,3314612,0.135066667,0.60597448,103.9,103.6,105.8,98.7,105.1,0.022,-0.023,0.01,0.035,0.022,93.83602515,51.044,32.01,-17.32274238,17.59947052,112,102,110.7,109.8,0.070140845,0.0325,29.21
76,4/30/2020,2020,Apr,2020 Apr,0.058630637,4336851,4345551.667,869671,656332.3333,3182320.333,0.176,0.5569,103.8,103,106,94.9,105.1,0.018,-0.074,0,0.036,0.02,93.19009306,50.589,18.38,-26.61545721,14.67157946,112,102,110.8,109.8,0.069765479,0.0275,16.55
77,5/31/2020,2020,May,2020 May,0.061670447,4239897,4241962.333,747408,752604.6667,3050028.667,0.150533333,0.606641735,103.8,102.9,106,95.6,105.3,0.016,-0.072,-0.002,0.034,0.02,93.12439271,50.727,29.38,-35.90817205,11.7436884,112.1,102,110.8,109.9,0.074051555,0.0275,28.56
78,6/30/2020,2020,Jun,2020 Jun,0.058304529,4142943,4138373,625145,848877,2917737,0.125066667,0.608226664,104.4,103,106.2,101.3,105.4,0.023,0,0.003,0.034,0.019,92.20819822,49.851,40.27,-45.20088688,8.815797335,112.1,102,110.9,109.9,0.072607588,0.0225,38.31
79,7/31/2020,2020,Jul,2020 Jul,0.074581709,4140461.667,4160618,669149.6667,768948,2955186.667,0.0996,0.6194,104.9,103.3,106.4,105.3,105.9,0.024,0.037,0.004,0.032,0.021,91.98169849,49.217,43.24,-54.49360171,-5.27292817,112.2,102.1,111,109.9,0.07345501,0.0225,40.71
80,8/31/2020,2020,Aug,2020 Aug,0.084264541,4137980.333,4182863,713154.3333,689019,2992636.333,0.0955,0.610954316,104.8,103,106.6,105.6,106,0.022,0.042,0.006,0.032,0.019,92.14034972,48.621,44.74,-52.2933307,7.049240317,112.3,102.1,111,110,0.072458391,0.0225,42.34
81,9/30/2020,2020,Sep,2020 Sep,0.101715596,4135499,4205108,757159,609090,3030086,0.0914,0.612095492,104.9,102.9,106.7,107.1,106.1,0.022,0.055,0.012,0.03,0.02,92.19579228,48.465,40.91,-50.09305969,8.210574362,112.4,102.2,111.1,110,0.071162907,0.0225,39.63
82,10/31/2020,2020,Oct,2020 Oct,0.095320174,4365531.333,4523056.333,838637.3333,617342.6667,3236364.667,0.0873,0.5874,105.3,102.8,106.9,107,106.3,0.023,0.053,0.007,0.031,0.021,92.14494302,48.401,40.19,-47.89278868,10.63107404,112.5,102.2,110.8,110,0.064565783,0.0225,39.4
83,11/30/2020,2020,Nov,2020 Nov,0.096541177,4595563.667,4841004.667,920115.6667,625595.3333,3442643.333,0.087433333,0.615733059,106.3,103.1,107,106.3,106.4,0.03,0.05,0.004,0.029,0.019,91.84939201,48.102,42.69,-43.50099841,10.07189597,112.6,102.2,110.9,110,0.063599503,0.02,40.94
84,12/31/2020,2020,Dec,2020 Dec,0.095942838,4825596,5158953,1001594,633848,3648922,0.087566667,0.618227302,107.2,103.2,107.1,107.9,107,0.033,0.061,0.001,0.028,0.023,92.67860107,48.036,49.99,-39.10920815,10.77188353,112.6,102.2,111,110,0.070888516,0.02,47.02
85,1/31/2021,2021,Jan,2021 Jan,0.099540538,4639329.667,4897326,951803.6667,639465.3333,3484884.333,0.0877,0.605,108.4,104,107.4,108.8,107.5,0.037,0.066,0.002,0.026,0.026,90.51020227,48.121,54.77,-34.71741788,17.37861518,112.8,102.2,111.2,110.4,0.061323574,0.02,52
86,2/28/2021,2021,Feb,2021 Feb,0.101341362,4453063.333,4635699,902013.3333,645082.6667,3320846.667,0.0885,0.6346,108.5,104.3,107.6,108.8,108,0.042,0.082,0.006,0.023,0.03,90.80810023,48.637,62.28,-33.43210471,10.00768299,112.9,102.2,111.4,110.4,0.056117788,0.02,59.04
87,3/31/2021,2021,Mar,2021 Mar,0.103317824,4266797,4374072,852223,650700,3156809,0.0706,0.6501,108.2,104.3,107.7,110.4,108.2,0.041,0.119,0.007,0.018,0.029,90.7708878,48.466,65.41,-32.14679154,8.543494894,113,102.3,111.6,110.4,0.066042919,0.02,62.33
88,4/30/2021,2021,Apr,2021 Apr,0.103612523,4391806.333,4505377.667,950930.3333,705215,3147916.333,0.0873,0.6323,108.1,104.3,108,110.7,108.6,0.041,0.166,0.013,0.019,0.033,90.42997162,48.39,64.81,-30.86147837,1.39779313,113.1,102.3,111.6,110.5,0.060072581,0.02,61.72
89,5/31/2021,2021,May,2021 May,0.104077007,4516815.667,4636683.333,1049637.667,759730,3139023.667,0.0772,0.6457,108.1,104.7,108.3,111.1,109.4,0.041,0.162,0.017,0.022,0.039,90.29945648,47.901,68.53,-27.01422668,7.696772043,113.2,102.4,111.8,110.8,0.06601639,0.02,65.17
90,6/30/2021,2021,Jun,2021 Jun,0.104253698,4641825,4767989,1148345,814245,3130131,0.0772,0.6505,108.3,105.1,108.5,111.7,109.8,0.037,0.103,0.02,0.022,0.042,90.90730733,48.544,73.16,-23.16697498,8.314237289,113.2,102.4,111.8,110.9,0.063642199,0.02,71.38
91,7/31/2021,2021,Jul,2021 Jul,0.104119606,4570093.333,4713357.667,1068402,774090,3168605,0.0719,0.5941,108.8,106.1,108.6,112.8,109.9,0.037,0.071,0.027,0.021,0.038,91.32666779,50.342,75.17,-19.31972328,-5.64283596,113.3,102.4,115.3,110.9,0.060100064,0.02,72.49
92,8/31/2021,2021,Aug,2021 Aug,0.103704704,4498361.667,4658726.333,988459,733935,3207079,0.0807,0.6363,109.4,106.5,108.7,113,110.2,0.044,0.07,0.034,0.02,0.04,91.78001569,50.04,70.75,-20.88536712,14.88914205,113.5,102.4,117.2,111.1,0.060081699,0.02,67.73
93,9/30/2021,2021,Sep,2021 Sep,0.102993155,4426630,4604095,908516,693780,3245553,0.0894,0.6335,109.3,106.8,109.1,113.1,110.3,0.042,0.056,0.038,0.022,0.04,92.29339534,50.959,74.49,-22.45101095,20.84658156,113.6,102.5,117.5,111.3,0.059647384,0.02,71.65
94,10/31/2021,2021,Oct,2021 Oct,0.102038897,4686030.667,4957549.333,986582.3333,690513.3333,3471243.333,0.074,0.6263,109.5,107.2,109.1,115.1,110.3,0.04,0.076,0.043,0.021,0.038,92.73611118,50.77,83.54,-24.01665479,39.68453747,113.7,102.5,117.9,111.3,0.058776658,0.02,81.48
95,11/30/2021,2021,Nov,2021 Nov,0.10079481,4945431.333,5311003.667,1064648.667,687246.6667,3696933.667,0.065,0.6425,110.2,108,109.3,116.7,110.3,0.037,0.098,0.048,0.021,0.037,92.82786019,50.458,81.05,-21.03244237,28.04216014,114,102.6,118,111.5,0.057534651,0.02,79.15
96,12/31/2021,2021,Dec,2021 Dec,0.099179248,5204832,5664458,1142715,683980,3922624,0.0663,0.651,110.5,108.5,109.4,115,110.4,0.031,0.066,0.051,0.021,0.032,93.014261,50.774,74.17,-18.04822996,29.2802992,114.1,102.7,118,111.5,0.059088326,0.02,71.71
97,1/31/2022,2022,Jan,2022 Jan,0.097581261,5006961,5419238,1096193,681067.6667,3772442.667,0.0639,0.6054,111.7,108.7,110,116.4,110.7,0.03,0.07,0.045,0.024,0.03,94.13181674,51.273,86.51,-15.06401754,32.88525097,114.3,102.8,118.3,111.7,0.059618833,0.02,83.22
98,2/28/2022,2022,Feb,2022 Feb,0.095615632,4809090,5174018,1049671,678155.3333,3622261.333,0.0643,0.6383,111.8,109.3,110.1,118.4,111.1,0.03,0.088,0.048,0.023,0.029,94.76589357,51.291,97.13,-11.76354206,30.88939934,114.5,102.8,118.8,112.5,0.054621996,0.02,91.64
99,3/31/2022,2022,Mar,2022 Mar,0.097954418,4611219,4928798,1003149,675243,3472080,0.0577,0.6537,112.5,110.8,110.5,121.8,111.4,0.04,0.103,0.062,0.026,0.03,95.66077053,51.96,117.25,-8.463066587,31.26036042,115.3,102.8,119.8,113.1,0.058126196,0.02,108.5
100,4/30/2022,2022,Apr,2022 Apr,0.086522739,4737790.667,5085233.333,1117011.667,751814,3447112.667,0.0571,0.6337,113.4,111.5,110.8,125.1,111.6,0.049,0.13,0.069,0.026,0.028,96.15864107,52.158,104.58,-5.16259111,35.39255402,116,103,120.3,112.4,0.055704146,0.02,101.78
101,5/31/2022,2022,May,2022 May,0.079520446,4864362.333,5241668.667,1230874.333,828385,3422145.333,0.0597,0.6404,113.9,111.5,111,127.3,112.5,0.054,0.146,0.065,0.025,0.028,96.84355109,52.243,113.34,-7.749224624,30.62420223,116.3,103.3,120.6,112.4,0.057519643,0.0225,109.55
102,6/30/2022,2022,Jun,2022 Jun,0.068686226,4990934,5398104,1344737,904956,3397178,0.0603,0.6478,114.9,112,111.6,130.8,112.9,0.061,0.171,0.066,0.029,0.028,98.00582966,55.021,122.71,-10.33585814,29.61708297,116.8,103.4,121.6,112.4,0.05810763,0.025,114.84
103,7/31/2022,2022,Jul,2022 Jul,0.069208625,4916472.333,5348718,1253875.333,836665,3433381.333,0.0521,0.6523,115.8,112.2,112,133.2,113.6,0.064,0.181,0.057,0.031,0.034,98.8226519,55.722,111.93,-12.92249165,26.07808614,117,103.5,121.6,112.4,0.059254397,0.0325,101.62
104,8/31/2022,2022,Aug,2022 Aug,0.066044689,4842010.667,5299332,1163013.667,768374,3469584.667,0.053,0.6606,116.3,113.7,112.4,129.5,114.8,0.063,0.146,0.068,0.034,0.042,98.61090522,56.243,100.45,-13.47093244,28.53050066,117.3,103.5,121.8,112.5,0.060988343,0.0375,93.67
105,9/30/2022,2022,Sep,2022 Sep,0.061637131,4767549,5249946,1072152,700083,3505788,0.0499,0.6518,116.8,114.6,112.9,129.5,115.4,0.069,0.145,0.073,0.035,0.046,99.37213583,58.91,89.76,-14.01937322,28.4510376,117.5,103.6,122.5,112.5,0.060386939,0.0425,84.26
106,10/31/2022,2022,Oct,2022 Oct,0.061501755,5037000,5650440.333,1110304.667,702830.6667,3735626,0.0454,0.6414,117.9,115.1,113.3,129.5,116.6,0.077,0.125,0.074,0.038,0.057,99.49829712,58.288,93.33,-14.56781401,23.87400083,117.6,103.6,122.9,112.6,0.06339302,0.0425,87.55
107,11/30/2022,2022,Nov,2022 Nov,0.060127563,5306451,6050934.667,1148457.333,705578.3333,3965464,0.042,0.6745,119,115.5,114.2,131,117.5,0.08,0.123,0.069,0.045,0.065,98.75440383,56.796,91.42,-13.19238093,29.93998034,118,103.7,123,112.8,0.063374183,0.05,84.37
108,12/31/2022,2022,Dec,2022 Dec,0.058930042,5575902,6451429,1186610,708326,4195302,0.0433,0.6639,119.4,116.1,114.6,128.4,118.1,0.081,0.117,0.07,0.048,0.07,98.08270784,56.12,80.92,-11.81694785,31.50838613,118,103.8,123.1,112.9,0.066930533,0.055,76.44
109,1/31/2023,2023,Jan,2023 Jan,0.057728618,5353149,6172874.333,1168288.667,711199,4028113.667,0.0478,0.645,121.4,118,115.7,129.3,119.1,0.087,0.111,0.086,0.052,0.076,98.55082282,54.545,82.5,-10.44151477,34.03032616,118.5,104,122.9,112.9,0.070461297,0.055,78.12
110,2/28/2023,2023,Feb,2023 Feb,0.056672168,5130396,5894319.667,1149967.333,714072,3860925.333,0.0483,0.6658,121.4,118.7,116.9,129,120.1,0.086,0.09,0.086,0.062,0.081,98.4740746,55.312,82.59,-10.45268284,34.2958317,119.2,104.4,126,113.2,0.065455267,0.06,76.83
111,3/31/2023,2023,Mar,2023 Mar,0.055865794,4907643,5615765,1131646,716945,3693737,0.0474,0.6601,121.1,119.2,117.3,128.2,120.7,0.076,0.053,0.076,0.062,0.083,98.44629164,54.429,78.43,-10.46385091,35.51487148,119.4,104.4,126.9,113.6,0.073563172,0.0625,73.28
112,4/30/2023,2023,Apr,2023 Apr,0.054654283,5007035.333,5707010,1205714.333,758114.3333,3656984.667,0.0448,0.6512,120.9,118.7,117.6,128.4,121.2,0.066,0.026,0.065,0.061,0.086,98.56295949,55.742,84.64,-10.47501898,40.77925214,119.3,104.5,126.6,113.5,0.072900912,0.0625,79.45
113,5/31/2023,2023,May,2023 May,0.053666658,5106427.667,5798255,1279782.667,799283.6667,3620232.333,0.043,0.6535,120.9,118.7,117.9,126.7,121.8,0.061,-0.005,0.065,0.062,0.083,98.9614124,56.26,75.47,-10.17583596,36.47077607,119.6,104.6,127.6,114.1,0.076603139,0.0625,71.58
114,6/30/2023,2023,Jun,2023 Jun,0.053158581,5205820,5889500,1353851,840453,3583480,0.0455,0.6607,121.1,118.3,118.3,126.8,122.2,0.054,-0.031,0.056,0.06,0.082,98.49021307,55.362,74.84,-9.876652947,36.20764088,119.8,104.8,127.8,114.2,0.075572321,0.0625,70.25
115,7/31/2023,2023,Jul,2023 Jul,0.051425769,5155141,5847411.333,1258750,809235.6667,3617381.667,0.0485,0.6009,121.2,117.3,118.5,126.9,122.6,0.047,-0.047,0.045,0.058,0.079,98.65737127,54.847,80.11,-9.57746993,35.81138239,119.9,104.9,127.9,114.2,0.078284419,0.0625,76.07
116,8/31/2023,2023,Aug,2023 Aug,0.050162295,5104462,5805322.667,1163649,778018.3333,3651283.333,0.044,0.6466,122.5,116.5,118.7,129.8,123,0.053,0.002,0.025,0.056,0.071,99.12210361,56.702,86.15,-12.72717365,35.73014563,120,104.9,128.3,114.3,0.080343426,0.0625,81.39
117,9/30/2023,2023,Sep,2023 Sep,0.048866471,5053783,5763234,1068548,746801,3685185,0.0453,0.641,123.9,117.3,119,131.1,123.6,0.061,0.012,0.024,0.054,0.071,99.11553385,56.961,93.72,-15.87687736,35.51578556,120,104.9,128.3,114.1,0.076564111,0.0625,89.43
118,10/31/2023,2023,Oct,2023 Oct,0.047830977,5330693,6192193.667,1153908.333,731502,3929746.333,0.0419,0.6395,123.7,118.1,119.3,130.8,124,0.049,0.01,0.026,0.053,0.063,98.93408461,56.903,90.6,-19.02658108,35.85060697,120.1,104.9,128.5,114.3,0.07801974,0.065,85.64
119,11/30/2023,2023,Nov,2023 Nov,0.046762518,5607603,6621153.333,1239268.667,716203,4174307.667,0.0356,0.6589,123.9,118.4,119.6,130,124.1,0.041,-0.008,0.025,0.047,0.056,98.72513878,55.328,82.94,-16.31749267,34.8858505,120.2,105,128.6,114.3,0.077948435,0.065,77.69
120,12/31/2023,2023,Dec,2023 Dec,0.045288655,5884513,7050113,1324629,700904,4418869,0.0307,0.6665,124.1,117.8,119.8,128.9,124.7,0.039,0.004,0.015,0.045,0.056,98.70988805,55.567,77.63,-13.60840427,34.4702755,120.2,105.1,128.6,114,0.079474479,0.065,71.9
121,1/31/2024,2024,Jan,2024 Jan,0.045166758,5653078.667,6737216.667,1262356,710339.3333,4233586.667,0.0447,0.6114,124.8,118.8,120.2,128.9,125.6,0.028,-0.003,0.007,0.039,0.055,97.57751303,56.335,80.12,-10.89931587,33.09549033,120.7,105.1,128.6,114.1,0.079155549,0.065,74.15
122,2/29/2024,2024,Feb,2024 Feb,0.044624798,5421644.333,6424320.333,1200083,719774.6667,4048304.333,0.0354,0.648,125.5,119.8,120.7,130.6,126.5,0.034,0.012,0.009,0.033,0.053,97.29852692,56.187,83.48,-14.09853293,33.9905711,120.7,105.1,128.8,114.1,0.074097104,0.065,77.25
123,3/31/2024,2024,Mar,2024 Mar,0.044973123,5190210,6111424,1137810,729210,3863022,0.0391,0.6532,125.6,119.8,121.1,130.9,127.5,0.037,0.021,0.005,0.032,0.056,97.44912744,56.281,85.41,-17.29775,33.92644171,120.8,105.1,128.5,114.1,0.079711178,0.065,81.28
124,4/30/2024,2024,Apr,2024 Apr,0.042725904,5306385.333,6239022.333,1262327,799546,3826010.667,0.0405,0.641,125.5,119.2,121.2,131.7,127.8,0.038,0.026,0.004,0.031,0.054,97.9345298,57.697,89.94,-20.49696707,32.11784259,121,105.1,128.6,114.1,0.079048587,0.065,85.35
125,5/31/2024,2024,May,2024 May,0.041366047,5422560.667,6366620.667,1386844,869882,3788999.333,0.0413,0.6482,125.6,119.8,121.5,131.1,128.2,0.039,0.035,0.009,0.031,0.053,98.13836414,58.62,81.75,-18.85055798,34.43734029,121.1,105.2,129,114.5,0.081324363,0.065,80.02
126,6/30/2024,2024,Jun,2024 Jun,0.039276081,5538736,6494219,1511361,940218,3751988,0.0312,0.66,125.6,118.4,121.6,130.7,128.4,0.037,0.031,0.001,0.028,0.051,98.3730592,58.868,82.25,-17.20414889,35.01236825,121.1,105.2,129.3,114.5,0.078388326,0.065,79.77
127,7/31/2024,2024,Jul,2024 Jul,0.039427305,5465004,6414138.333,1410299.333,888093,3792467.667,0.0474,0.6347,126.5,120,121.8,131.5,128.6,0.044,0.036,0.023,0.028,0.049,98.29,58.645,85.15,-15.5577398,32.89005268,121.3,105.2,129.2,114.5,0.081677302,0.065,81.8
128,8/31/2024,2024,Aug,2024 Aug,0.038849002,5391272,6334057.667,1309237.667,835968,3832947.333,0.0404,0.6481,126.6,120.9,121.9,129.6,128.7,0.033,-0.002,0.038,0.027,0.046,97.85,56.289,80.36,-14.06822127,37.15070557,121.4,105.2,129.3,114.8,0.082340257,0.0625,76.68
129,9/30/2024,2024,Sep,2024 Sep,0.038644407,5317540,6253977,1208176,783843,3873427,0.0366,0.6569,126.3,121.2,122.1,127.9,128.7,0.019,-0.024,0.033,0.026,0.041,97.75,55.892,74.02,-12.57870273,38.71401491,121.5,105.2,129.8,115,0.07990116,0.0625,70.24
130,10/31/2024,2024,Oct,2024 Oct,0.03736572,5609080.333,6694253.333,1265034,778942.6667,4123794.667,0.0392,0.6327,126.5,120.9,122.2,128,128.8,0.023,-0.021,0.024,0.024,0.039,98.59,58.254,75.63,-11.08918419,44.48013842,121.7,105.3,129.9,115,0.076455144,0.06,71.99
131,11/30/2024,2024,Nov,2024 Nov,0.036450895,5900620.667,7134529.667,1321892,774042.3333,4374162.333,0.0325,0.6458,127,120.7,122.8,128.5,129,0.025,-0.012,0.019,0.027,0.039,98.6039875,58.694,74.35,-11.03166865,40.3007619,121.8,105.3,130,115,0.074733682,0.06,69.95
132,12/31/2024,2024,Dec,2024 Dec,0.035536069,6192161,7574806,1378750,769142,4624530,0.0314,0.6515,127.7,121.2,123,130,129.4,0.029,0.009,0.029,0.027,0.038,98.66226742,58.014,73.86,-10.97415311,40.32419954,122,105.3,130,115.1,0.080361545,0.0575,70.12
